Filename;SubjResponse;RT;Duration (ms.);Modality_Correct;Item_Correct;Hesitation;Notes;Exclude;Column1
recording_V2L4_p400204_tr100_type_aguja;[type];0;3000.000;;;;;;
recording_V2L4_p400204_tr101_type_baño;[type];0;3000.000;;;;;;
recording_V2L4_p400204_tr102_type_baño;[type];0;3000.000;;;;;;
recording_V2L4_p400204_tr103_speak_tronco;tronco;696.000;416.227;;;;;;
recording_V2L4_p400204_tr104_type_espejo;[type];0;3000.000;;;;;;
recording_V2L4_p400204_tr105_speak_regalo;regalo;670.526;433.474;;;;;;
recording_V2L4_p400204_tr106_speak_vaso;vaso;660.254;367.228;;;;;;
recording_V2L4_p400204_tr107_speak_vaso;vaso;734.727;377.501;;;;;;
recording_V2L4_p400204_tr108_type_taza;[type];0;3000.000;;;;;;
recording_V2L4_p400204_tr109_speak_cazador;cazador;800.000;576.734;;;;;;
recording_V2L4_p400204_tr10_type_vaso;[type];0;3000.000;;;;;;
recording_V2L4_p400204_tr110_speak_cazador;cazador;667.958;598.351;;;;;;
recording_V2L4_p400204_tr111_type_baño;[type];0;3000.000;;;;;;
recording_V2L4_p400204_tr112_speak_espalda;espalda;660.254;590.647;;;;;;
recording_V2L4_p400204_tr113_type_espalda;[type];0;3000.000;;;;;;
recording_V2L4_p400204_tr114_type_camisa;[type];0;3000.000;;;;;;
recording_V2L4_p400204_tr115_type_puente;[type];0;3000.000;;;;;;
recording_V2L4_p400204_tr116_speak_puente;puente;739.863;390.341;;;;;;
recording_V2L4_p400204_tr117_speak_muñeca;muñeca;840.000;500.782;;;;;;
recording_V2L4_p400204_tr118_type_muñeca;[type];0;3000.000;;;;;;
recording_V2L4_p400204_tr119_speak_vaca;vaca;800.000;371.292;;;;;;
recording_V2L4_p400204_tr11_type_regalo;[type];0;3000.000;;;;;;
recording_V2L4_p400204_tr120_speak_pulpo;pulpo;806.632;405.749;;;;;;
recording_V2L4_p400204_tr121_type_fresa;[type];0;3000.000;;;;;;
recording_V2L4_p400204_tr122_type_fresa;[type];0;3000.000;;;;;;
recording_V2L4_p400204_tr123_speak_pierna;pierna;888.000;403.989;;;;;;
recording_V2L4_p400204_tr124_speak_bombero;bombero;1088.000;445.384;;;;;;
recording_V2L4_p400204_tr125_type_traje;[type];0;3000.000;;;;;;
recording_V2L4_p400204_tr126_type_traje;[type];0;3000.000;;;;;;
recording_V2L4_p400204_tr127_type_pavo;[type];0;3000.000;;;;;;
recording_V2L4_p400204_tr128_speak_pavo;pavo;878.536;277.347;;;;;;
recording_V2L4_p400204_tr129_speak_vaso;vaso;847.720;385.205;;;;;;
recording_V2L4_p400204_tr12_type_traje;[type];0;3000.000;;;;;;
recording_V2L4_p400204_tr130_type_traje;[type];0;3000.000;;;;;;
recording_V2L4_p400204_tr131_type_cerdo;[type];0;3000.000;;;;;;
recording_V2L4_p400204_tr132_type_cerdo;[type];0;3000.000;;;;;;
recording_V2L4_p400204_tr133_speak_cazador;cazador;760.407;552.127;;;;;;
recording_V2L4_p400204_tr134_type_manzana;[type];0;3000.000;;;;;;
recording_V2L4_p400204_tr135_type_manzana;[type];0;3000.000;;;;;;
recording_V2L4_p400204_tr136_type_cuerda;[type];0;3000.000;;;;;;
recording_V2L4_p400204_tr137_speak_cuerda;cuerda;688.000;393.411;;;;;;
recording_V2L4_p400204_tr138_speak_espalda;espalda;881.104;544.423;;;;;;
recording_V2L4_p400204_tr139_speak_granja;granja;857.992;462.246;;;;;;
recording_V2L4_p400204_tr13_speak_traje;traje;765.543;382.637;;;;;;
recording_V2L4_p400204_tr140_type_granja;[type];0;3000.000;;;;;;
recording_V2L4_p400204_tr141_type_muñeca;[type];0;3000.000;;;;;;
recording_V2L4_p400204_tr142_type_falda;[type];0;3000.000;;;;;;
recording_V2L4_p400204_tr143_speak_falda;falda;734.727;449.406;;;;;;
recording_V2L4_p400204_tr144_speak_caracol;caracol;802.779;517.221;;;;;;
recording_V2L4_p400204_tr145_speak_caracol;caracol;720.000;592.534;;;;;;
recording_V2L4_p400204_tr146_type_fresa;[type];0;3000.000;;;;;;
recording_V2L4_p400204_tr147_speak_pintor;pintor;928.000;451.303;;;;;;
recording_V2L4_p400204_tr148_speak_pintor;pintor;616.597;457.110;;;;;;
recording_V2L4_p400204_tr149_type_puente;[type];0;3000.000;;;;;;
recording_V2L4_p400204_tr14_speak_fresa;fresa;960.713;405.749;;;;;;
recording_V2L4_p400204_tr150_speak_pavo;pavo;747.567;297.892;;;;;;
recording_V2L4_p400204_tr151_speak_mano;mano;742.431;346.684;;;;;;
recording_V2L4_p400204_tr152_type_mano;[type];0;3000.000;;;;;;
recording_V2L4_p400204_tr153_type_cerdo;[type];0;3000.000;;;;;;
recording_V2L4_p400204_tr154_type_aguja;[type];0;3000.000;;;;;;
recording_V2L4_p400204_tr155_speak_aguja;aguja;720.000;504.000;;;;;;
recording_V2L4_p400204_tr156_speak_manzana;manzana;696.000;584.000;;;;;;
recording_V2L4_p400204_tr157_speak_conejo;conejo;706.478;503.334;;;;;;
recording_V2L4_p400204_tr158_type_conejo;[type];0;3000.000;;;;;;
recording_V2L4_p400204_tr159_type_miel;[type];0;3000.000;;;;;;
recording_V2L4_p400204_tr15_type_fresa;[type];0;3000.000;;;;;;
recording_V2L4_p400204_tr160_speak_miel;miel;536.000;319.424;;;;;;
recording_V2L4_p400204_tr161_type_falda;[type];0;3000.000;;;;;;
recording_V2L4_p400204_tr162_speak_goma;goma;1019.778;349.252;;;;;;
recording_V2L4_p400204_tr163_speak_goma;goma;1048.026;387.773;;;;;;
recording_V2L4_p400204_tr164_type_caracol;[type];0;3000.000;;;;;;
recording_V2L4_p400204_tr165_speak_iglesia;iglesia;872.000;592.000;;;;;;
recording_V2L4_p400204_tr166_speak_iglesia;iglesia;947.873;636.872;;;;;;
recording_V2L4_p400204_tr167_speak_oreja;oreja;880.000;507.007;;;;;;
recording_V2L4_p400204_tr168_type_oreja;[type];0;3000.000;;;;;;
recording_V2L4_p400204_tr169_speak_cuerda;cuerda;840.016;416.021;;;;;;
recording_V2L4_p400204_tr16_type_bombero;[type];0;3000.000;;;;;;
recording_V2L4_p400204_tr170_type_granja;[type];0;3000.000;;;;;;
recording_V2L4_p400204_tr171_type_cartero;[type];0;3000.000;;;;;;
recording_V2L4_p400204_tr172_type_cartero;[type];0;3000.000;;;;;;
recording_V2L4_p400204_tr173_speak_mano;mano;800.000;328.000;;;;;;
recording_V2L4_p400204_tr174_type_guante;[type];0;3000.000;;;;;;
recording_V2L4_p400204_tr175_type_guante;[type];0;3000.000;;;;;;
recording_V2L4_p400204_tr176_speak_pintor;pintor;775.815;493.062;;;;;;
recording_V2L4_p400204_tr177_type_taza;[type];0;3000.000;;;;;;
recording_V2L4_p400204_tr178_type_taza;[type];0;3000.000;;;;;;
recording_V2L4_p400204_tr179_speak_aguja;aguja;978.690;541.310;;;;;;
recording_V2L4_p400204_tr17_speak_camisa;camisa;1137.908;518.742;;;;;;
recording_V2L4_p400204_tr180_type_regalo;[type];0;3000.000;;;;;;
recording_V2L4_p400204_tr181_speak_regalo;regalo;720.000;487.244;;;;;;
recording_V2L4_p400204_tr182_speak_baño;baño;1083.979;392.909;;;;;;
recording_V2L4_p400204_tr183_speak_baño;baño;768.111;403.181;;;;;;
recording_V2L4_p400204_tr184_type_conejo;[type];0;3000.000;;;;;;
recording_V2L4_p400204_tr185_speak_miel;miel;808.000;335.044;;;;;;
recording_V2L4_p400204_tr186_speak_camisa;camisa;911.921;549.559;;;;;;
recording_V2L4_p400204_tr187_type_camisa;[type];0;3000.000;;;;;;
recording_V2L4_p400204_tr188_type_vaca;[type];0;3000.000;;;;;;
recording_V2L4_p400204_tr189_speak_vaca;vaca;788.655;444.269;;;;;;
recording_V2L4_p400204_tr18_type_muñeca;[type];0;3000.000;;;;;;
recording_V2L4_p400204_tr190_type_goma;[type];0;3000.000;;;;;;
recording_V2L4_p400204_tr191_speak_pulpo;pulpo;706.478;454.542;;;;;;
recording_V2L4_p400204_tr192_speak_pulpo;pulpo;783.519;446.837;;;;;;
recording_V2L4_p400204_tr193_type_iglesia;[type];0;3000.000;;;;;;
recording_V2L4_p400204_tr194_speak_guante;guante;855.424;421.157;;;;;;
recording_V2L4_p400204_tr195_speak_pierna;pierna;1012.074;416.021;;;;;;
recording_V2L4_p400204_tr196_type_pierna;[type];0;3000.000;;;;;;
recording_V2L4_p400204_tr197_speak_tenedor;tenedor;896.000;493.575;;;;;;
recording_V2L4_p400204_tr198_type_oreja;[type];0;3000.000;;;;;;
recording_V2L4_p400204_tr199_speak_columna;columna;688.000;560.333;;;;;;
recording_V2L4_p400204_tr19_type_muñeca;[type];0;3000.000;;;;;;
recording_V2L4_p400204_tr1_type_pierna;[type];0;2980.000;;;;;;
recording_V2L4_p400204_tr200_type_cartero;[type];0;3000.000;;;;;;
recording_V2L4_p400204_tr201_type_bombero;[type];0;3000.000;;;;;;
recording_V2L4_p400204_tr202_type_bombero;[type];0;3000.000;;;;;;
recording_V2L4_p400204_tr203_speak_cadena;cadena;732.159;451.974;;;;;;
recording_V2L4_p400204_tr204_type_escoba;[type];0;3000.000;;;;;;
recording_V2L4_p400204_tr205_type_columna;[type];0;3000.000;;;;;;
recording_V2L4_p400204_tr206_speak_muñeca;muñeca;680.000;501.564;;;;;;
recording_V2L4_p400204_tr207_speak_muñeca;muñeca;952.000;512.048;;;;;;
recording_V2L4_p400204_tr208_type_pierna;[type];0;3000.000;;;;;;
recording_V2L4_p400204_tr209_speak_traje;traje;624.000;370.098;;;;;;
recording_V2L4_p400204_tr20_speak_baño;baño;804.063;392.909;;;;;;
recording_V2L4_p400204_tr210_speak_traje;traje;760.000;436.972;;;;;;
recording_V2L4_p400204_tr211_type_tenedor;[type];0;3000.000;;;;;;
recording_V2L4_p400204_tr212_speak_pulpo;pulpo;757.839;392.909;;;;;;
recording_V2L4_p400204_tr213_speak_cazador;cazador;693.374;541.084;;;;;;
recording_V2L4_p400204_tr214_type_cazador;[type];0;3040.000;;;;;;
recording_V2L4_p400204_tr215_type_taza;[type];0;3000.000;;;;;;
recording_V2L4_p400204_tr216_type_fresa;[type];0;3000.000;;;;;;
recording_V2L4_p400204_tr217_speak_fresa;fresa;624.301;457.110;;;;;;
recording_V2L4_p400204_tr218_speak_puente;puente;729.591;364.660;;;;;;
recording_V2L4_p400204_tr219_type_puente;[type];0;3000.000;;;;;;
recording_V2L4_p400204_tr21_type_puente;[type];0;3000.000;;;;;;
recording_V2L4_p400204_tr220_speak_baño;baño;714.182;354.388;;;;;;
recording_V2L4_p400204_tr221_type_espalda;[type];0;3000.000;;;;;;
recording_V2L4_p400204_tr222_type_espalda;[type];0;3010.000;;;;;;
recording_V2L4_p400204_tr223_speak_bombero;bombero;704.000;443.875;;;;;;
recording_V2L4_p400204_tr224_type_pavo;[type];0;3000.000;;;;;;
recording_V2L4_p400204_tr225_type_pavo;[type];0;3000.000;;;;;;
recording_V2L4_p400204_tr226_speak_vaca;vaca;824.000;339.588;;;;;;
recording_V2L4_p400204_tr227_type_regalo;[type];0;3000.000;;;;;;
recording_V2L4_p400204_tr228_type_vaso;[type];0;3000.000;;;;;;
recording_V2L4_p400204_tr229_speak_vaso;vaso;685.934;356.956;;;;;;
recording_V2L4_p400204_tr22_type_puente;[type];0;3000.000;;;;;;
recording_V2L4_p400204_tr230_type_camisa;[type];0;3000.000;;;;;;
recording_V2L4_p400204_tr231_type_granja;[type];0;3000.000;;;;;;
recording_V2L4_p400204_tr232_type_granja;[type];0;3000.000;;;;;;
recording_V2L4_p400204_tr233_speak_muñeca;muñeca;840.000;472.000;;;;;;
recording_V2L4_p400204_tr234_type_mano;[type];0;3000.000;;;;;;
recording_V2L4_p400204_tr235_type_mano;[type];0;3000.000;;;;;;
recording_V2L4_p400204_tr236_type_pintor;[type];0;3000.000;;;;;;
recording_V2L4_p400204_tr237_speak_pintor;pintor;755.271;493.062;;;;;;
recording_V2L4_p400204_tr238_speak_traje;traje;728.000;453.564;;;;;;
recording_V2L4_p400204_tr239_speak_cerdo;cerdo;755.271;436.729;;;;;;
recording_V2L4_p400204_tr23_type_cazador;[type];0;3000.000;;;;;;
recording_V2L4_p400204_tr240_type_cerdo;[type];0;3000.000;;;;;;
recording_V2L4_p400204_tr241_type_caracol;[type];0;3000.000;;;;;;
recording_V2L4_p400204_tr242_speak_caracol;caracol;648.000;520.724;;;;;;
recording_V2L4_p400204_tr243_type_cazador;[type];0;3000.000;;;;;;
recording_V2L4_p400204_tr244_speak_fresa;fresa;703.910;398.045;;;;;;
recording_V2L4_p400204_tr245_type_pavo;[type];0;3000.000;;;;;;
recording_V2L4_p400204_tr246_speak_cuerda;cuerda;724.455;367.228;;;;;;
recording_V2L4_p400204_tr247_speak_cuerda;cuerda;955.577;395.477;;;;;;
recording_V2L4_p400204_tr248_type_puente;[type];0;3000.000;;;;;;
recording_V2L4_p400204_tr249_speak_falda;falda;703.910;459.678;;;;;;
recording_V2L4_p400204_tr24_speak_cazador;cazador;922.193;588.079;;;;;;
recording_V2L4_p400204_tr250_speak_falda;falda;855.424;433.997;;;;;;
recording_V2L4_p400204_tr251_type_espalda;[type];0;3000.000;;;;;;
recording_V2L4_p400204_tr252_speak_vaso;vaso;736.000;373.659;;;;;;
recording_V2L4_p400204_tr253_speak_manzana;manzana;832.000;585.823;;;;;;
recording_V2L4_p400204_tr254_type_manzana;[type];0;3000.000;;;;;;
recording_V2L4_p400204_tr255_speak_escoba;escoba;640.000;531.292;;;;;;
recording_V2L4_p400204_tr256_type_manzana;[type];0;3000.000;;;;;;
recording_V2L4_p400204_tr257_type_goma;[type];0;3000.000;;;;;;
recording_V2L4_p400204_tr258_speak_goma;goma;656.000;320.000;;;;;;
recording_V2L4_p400204_tr259_speak_granja;granja;696.206;472.518;;;;;;
recording_V2L4_p400204_tr25_type_pavo;[type];0;3000.000;;;;;;
recording_V2L4_p400204_tr260_speak_aguja;aguja;706.478;517.522;;;;;;
recording_V2L4_p400204_tr261_type_aguja;[type];0;3000.000;;;;;;
recording_V2L4_p400204_tr262_type_cadena;[type];0;3000.000;;;;;;
recording_V2L4_p400204_tr263_type_iglesia;[type];0;3000.000;;;;;;
recording_V2L4_p400204_tr264_speak_iglesia;iglesia;678.230;593.770;;;;;;
recording_V2L4_p400204_tr265_type_pintor;[type];0;3000.000;;;;;;
recording_V2L4_p400204_tr266_speak_conejo;conejo;784.000;484.877;;;;;;
recording_V2L4_p400204_tr267_speak_conejo;conejo;704.000;504.000;;;;;;
recording_V2L4_p400204_tr268_speak_cerdo;cerdo;857.992;462.246;;;;;;
recording_V2L4_p400204_tr269_type_caracol;[type];0;3000.000;;;;;;
recording_V2L4_p400204_tr26_type_falda;[type];0;3000.000;;;;;;
recording_V2L4_p400204_tr270_speak_guante;guante;619.165;374.933;;;;;;
recording_V2L4_p400204_tr271_speak_guante;guante;747.567;431.429;;;;;;
recording_V2L4_p400204_tr272_speak_cartero;cartero;792.000;504.000;;;;;;
recording_V2L4_p400204_tr273_type_cartero;[type];0;3000.000;;;;;;
recording_V2L4_p400204_tr274_speak_cuerda;cuerda;672.000;368.322;;;;;;
recording_V2L4_p400204_tr275_type_tronco;[type];0;3000.000;;;;;;
recording_V2L4_p400204_tr276_type_oreja;[type];0;3000.000;;;;;;
recording_V2L4_p400204_tr277_type_oreja;[type];0;3000.000;;;;;;
recording_V2L4_p400204_tr278_speak_falda;falda;611.461;480.222;;;;;;
recording_V2L4_p400204_tr279_type_miel;[type];0;3000.000;;;;;;
recording_V2L4_p400204_tr27_type_falda;[type];0;3000.000;;;;;;
recording_V2L4_p400204_tr280_type_miel;[type];0;3000.000;;;;;;
recording_V2L4_p400204_tr281_type_mano;[type];0;3000.000;;;;;;
recording_V2L4_p400204_tr282_speak_goma;goma;720.000;351.139;;;;;;
recording_V2L4_p400204_tr283_type_pierna;[type];0;3000.000;;;;;;
recording_V2L4_p400204_tr284_type_pierna;[type];0;3000.000;;;;;;
recording_V2L4_p400204_tr285_type_pulpo;[type];0;3000.000;;;;;;
recording_V2L4_p400204_tr286_speak_pulpo;pulpo;648.000;374.346;;;;;;
recording_V2L4_p400204_tr287_type_aguja;[type];0;3000.000;;;;;;
recording_V2L4_p400204_tr288_speak_taza;taza;657.686;331.276;;;;;;
recording_V2L4_p400204_tr289_speak_taza;taza;804.063;400.613;;;;;;
recording_V2L4_p400204_tr28_speak_puente;puente;1081.411;459.678;;;;;;
recording_V2L4_p400204_tr290_speak_baño;baño;656.000;360.000;;;;;;
recording_V2L4_p400204_tr291_type_baño;[type];0;3000.000;;;;;;
recording_V2L4_p400204_tr292_speak_iglesia;iglesia;824.000;552.734;;;;;;
recording_V2L4_p400204_tr293_type_bombero;[type];0;3000.000;;;;;;
recording_V2L4_p400204_tr294_speak_bombero;bombero;640.000;448.000;;;;;;
recording_V2L4_p400204_tr295_type_guante;[type];0;3000.000;;;;;;
recording_V2L4_p400204_tr296_speak_conejo;conejo;656.000;471.635;;;;;;
recording_V2L4_p400204_tr297_speak_vaca;vaca;736.000;384.000;;;;;;
recording_V2L4_p400204_tr298_speak_vaca;vaca;673.094;398.045;;;;;;
recording_V2L4_p400204_tr299_type_cartero;[type];0;3000.000;;;;;;
recording_V2L4_p400204_tr29_type_cuerda;[type];0;3000.000;;;;;;
recording_V2L4_p400204_tr2_speak_taza;taza;780.951;351.820;;;;;;
recording_V2L4_p400204_tr300_speak_oreja;oreja;992.000;448.000;;;;;;
recording_V2L4_p400204_tr301_speak_regalo;regalo;760.000;416.000;;;;;;
recording_V2L4_p400204_tr302_type_regalo;[type];0;3000.000;;;;;;
recording_V2L4_p400204_tr303_type_camisa;[type];0;3000.000;;;;;;
recording_V2L4_p400204_tr304_type_camisa;[type];0;3000.000;;;;;;
recording_V2L4_p400204_tr305_speak_espejo;espejo;648.000;497.612;;;;;;
recording_V2L4_p400204_tr306_type_miel;[type];0;3000.000;;;;;;
recording_V2L4_p400204_tr307_type_espejo;[type];0;3000.000;;;;;;
recording_V2L4_p400204_tr308_speak_cadena;cadena;696.000;440.000;;;;;;
recording_V2L4_p400204_tr309_speak_puente;puente;742.431;380.069;;;;;;
recording_V2L4_p400204_tr30_type_cuerda;[type];0;3000.000;;;;;;
recording_V2L4_p400204_tr310_speak_puente;puente;629.437;392.909;;;;;;
recording_V2L4_p400204_tr311_type_vaca;[type];0;3000.000;;;;;;
recording_V2L4_p400204_tr312_speak_fresa;fresa;565.237;446.837;;;;;;
recording_V2L4_p400204_tr313_speak_fresa;fresa;660.254;472.518;;;;;;
recording_V2L4_p400204_tr314_type_baño;[type];0;3000.000;;;;;;
recording_V2L4_p400204_tr315_speak_traje;traje;704.000;426.203;;;;;;
recording_V2L4_p400204_tr316_type_traje;[type];0;3000.000;;;;;;
recording_V2L4_p400204_tr317_speak_camisa;camisa;656.000;471.635;;;;;;
recording_V2L4_p400204_tr318_type_muñeca;[type];0;3000.000;;;;;;
recording_V2L4_p400204_tr319_speak_muñeca;[type, muñeca];1000.000;528.000;0;;;typed first, then spoke;1;
recording_V2L4_p400204_tr31_type_espalda;[type];0;3000.000;;;;;;
recording_V2L4_p400204_tr320_speak_pierna;pierna;864.000;424.000;;;;;;
recording_V2L4_p400204_tr321_speak_pavo;pavo;752.000;280.000;;;;;;
recording_V2L4_p400204_tr322_type_pavo;[type];0;3000.000;;;;;;
recording_V2L4_p400204_tr323_type_cazador;[type];0;3000.000;;;;;;
recording_V2L4_p400204_tr324_type_cazador;[type];0;3000.000;;;;;;
recording_V2L4_p400204_tr325_speak_taza;taza;701.342;369.797;;;;;;
recording_V2L4_p400204_tr326_type_bombero;[type];0;3000.000;;;;;;
recording_V2L4_p400204_tr327_type_vaso;[type];0;3000.000;;;;;;
recording_V2L4_p400204_tr328_type_vaso;[type];0;3000.000;;;;;;
recording_V2L4_p400204_tr329_speak_regalo;regalo;680.000;424.000;;;;;;
recording_V2L4_p400204_tr32_speak_tenedor;tenedor;784.000;502.853;;;;;;
recording_V2L4_p400204_tr330_type_pulpo;[type];0;3000.000;;;;;;
recording_V2L4_p400204_tr331_type_espalda;[type];0;3000.000;;;;;;
recording_V2L4_p400204_tr332_speak_espalda;espalda;816.000;520.000;;;;;;
recording_V2L4_p400204_tr333_speak_puente;puente;1173.860;410.885;;;;;;
recording_V2L4_p400204_tr334_type_pintor;[type];0;3000.000;;;;;;
recording_V2L4_p400204_tr335_type_pintor;[type];0;3000.000;;;;;;
recording_V2L4_p400204_tr336_speak_fresa;fresa;665.390;457.110;;;;;;
recording_V2L4_p400204_tr337_type_caracol;[type];0;3000.000;;;;;;
recording_V2L4_p400204_tr338_type_caracol;[type];0;3000.000;;;;;;
recording_V2L4_p400204_tr339_speak_muñeca;muñeca;648.000;472.000;;;;;;
recording_V2L4_p400204_tr33_type_vaso;[type];0;3000.000;;;;;;
recording_V2L4_p400204_tr340_type_mano;[type];0;3000.000;;;;;;
recording_V2L4_p400204_tr341_speak_mano;mano;920.000;288.000;;;;;;
recording_V2L4_p400204_tr342_speak_cuerda;cuerda;744.000;355.387;;;;;;
recording_V2L4_p400204_tr343_type_cuerda;[type];0;3000.000;;;;;;
recording_V2L4_p400204_tr344_type_traje;[type];0;3000.000;;;;;;
recording_V2L4_p400204_tr345_type_granja;[type];0;3000.000;;;;;;
recording_V2L4_p400204_tr346_speak_granja;granja;670.526;467.382;;;;;;
recording_V2L4_p400204_tr347_type_vaso;[type];0;3000.000;;;;;;
recording_V2L4_p400204_tr348_speak_pavo;pavo;724.455;254.235;;;;;;
recording_V2L4_p400204_tr349_speak_manzana;manzana;648.000;552.000;;;;;;
recording_V2L4_p400204_tr34_type_manzana;[type];0;3000.000;;;;;;
recording_V2L4_p400204_tr350_speak_manzana;manzana;720.000;592.000;;;;;;
recording_V2L4_p400204_tr351_type_cazador;[type];0;3000.000;;;;;;
recording_V2L4_p400204_tr352_speak_cerdo;cerdo;714.182;403.181;;;;;;
recording_V2L4_p400204_tr353_speak_cerdo;cerdo;793.791;354.388;;;;;;
recording_V2L4_p400204_tr354_type_escoba;[type];0;3000.000;;;;;;
recording_V2L4_p400204_tr355_speak_espalda;espalda;832.312;593.215;;;;;;
recording_V2L4_p400204_tr356_speak_falda;falda;1099.387;449.406;;;;;;
recording_V2L4_p400204_tr357_type_falda;[type];0;3000.000;;;;;;
recording_V2L4_p400204_tr358_type_guante;[type];0;3000.000;;;;;;
recording_V2L4_p400204_tr359_speak_guante;guante;590.917;392.909;;;;;;
recording_V2L4_p400204_tr35_speak_manzana;manzana;808.000;552.000;;;;;;
recording_V2L4_p400204_tr360_speak_tronco;tronco;649.982;428.861;;;;;;
recording_V2L4_p400204_tr361_speak_miel;miel;760.000;329.115;;;;;;
recording_V2L4_p400204_tr362_type_miel;[type];0;3000.000;;;;;;
recording_V2L4_p400204_tr363_type_pintor;[type];0;3000.000;;;;;;
recording_V2L4_p400204_tr364_type_cartero;[type];0;3000.000;;;;;;
recording_V2L4_p400204_tr365_speak_cartero;cartero;857.992;475.086;;;;;;
recording_V2L4_p400204_tr366_speak_caracol;caracol;680.000;509.268;;;;;;
recording_V2L4_p400204_tr367_type_cuerda;[type];0;3000.000;;;;;;
recording_V2L4_p400204_tr368_speak_aguja;aguja;840.000;531.598;;;;;;
recording_V2L4_p400204_tr369_speak_aguja;aguja;776.000;520.000;;;;;;
recording_V2L4_p400204_tr36_speak_traje;traje;1160.000;442.721;;;;;;
recording_V2L4_p400204_tr370_type_granja;[type];0;3000.000;;;;;;
recording_V2L4_p400204_tr371_speak_manzana;manzana;680.000;544.000;;;;;;
recording_V2L4_p400204_tr372_speak_oreja;oreja;792.000;484.581;;;;;;
recording_V2L4_p400204_tr373_speak_oreja;oreja;696.000;516.380;;;;;;
recording_V2L4_p400204_tr374_type_tenedor;[type];0;3000.000;;;;;;
recording_V2L4_p400204_tr375_speak_goma;goma;832.000;380.380;;;;;;
recording_V2L4_p400204_tr376_type_goma;[type];0;3000.000;;;;;;
recording_V2L4_p400204_tr377_speak_mano;mano;752.000;272.000;;;;;;
recording_V2L4_p400204_tr378_type_conejo;[type];0;3000.000;;;;;;
recording_V2L4_p400204_tr379_type_conejo;[type];0;3000.000;;;;;;
recording_V2L4_p400204_tr37_speak_caracol;caracol;744.000;524.877;;;;;;
recording_V2L4_p400204_tr380_speak_cerdo;cerdo;798.927;392.909;;;;;;
recording_V2L4_p400204_tr381_type_falda;[type];0;3000.000;;;;;;
recording_V2L4_p400204_tr382_type_iglesia;[type];0;3000.000;;;;;;
recording_V2L4_p400204_tr383_type_iglesia;[type];0;3000.000;;;;;;
recording_V2L4_p400204_tr384_speak_guante;guante;688.000;376.000;;;;;;
recording_V2L4_p400204_tr385_type_vaca;[type];0;3000.000;;;;;;
recording_V2L4_p400204_tr386_type_vaca;[type];0;3000.000;;;;;;
recording_V2L4_p400204_tr387_type_baño;[type];0;3000.000;;;;;;
recording_V2L4_p400204_tr388_speak_baño;baño;837.448;364.660;;;;;;
recording_V2L4_p400204_tr389_speak_cartero;cartero;760.407;472.518;;;;;;
recording_V2L4_p400204_tr38_type_caracol;[type];0;3000.000;;;;;;
recording_V2L4_p400204_tr390_type_miel;[type];0;3000.000;;;;;;
recording_V2L4_p400204_tr391_speak_pierna;pierna;734.727;446.837;;;;;;
recording_V2L4_p400204_tr392_speak_pierna;pierna;737.295;495.630;;;;;;
recording_V2L4_p400204_tr393_speak_taza;taza;768.111;413.453;;;;;;
recording_V2L4_p400204_tr394_type_taza;[type];0;3000.000;;;;;;
recording_V2L4_p400204_tr395_speak_aguja;aguja;714.182;581.818;;;;;;
recording_V2L4_p400204_tr396_type_oreja;[type];0;3000.000;;;;;;
recording_V2L4_p400204_tr397_type_camisa;[type];0;3000.000;;;;;;
recording_V2L4_p400204_tr398_speak_camisa;camisa;768.000;496.000;;;;;;
recording_V2L4_p400204_tr399_speak_regalo;regalo;776.000;485.173;;;;;;
recording_V2L4_p400204_tr39_type_fresa;[type];0;3000.000;;;;;;
recording_V2L4_p400204_tr3_speak_pavo;pavo;800.000;294.251;;;;;;
recording_V2L4_p400204_tr400_speak_regalo;regalo;809.200;505.902;;;;;;
recording_V2L4_p400204_tr401_type_columna;[type];0;3000.000;;;;;;
recording_V2L4_p400204_tr402_speak_conejo;conejo;728.000;479.244;;;;;;
recording_V2L4_p400204_tr403_speak_bombero;bombero;688.000;457.612;;;;;;
recording_V2L4_p400204_tr404_type_bombero;[type];0;3000.000;;;;;;
recording_V2L4_p400204_tr405_type_pulpo;[type];0;3000.000;;;;;;
recording_V2L4_p400204_tr406_type_pulpo;[type];0;3000.000;;;;;;
recording_V2L4_p400204_tr407_speak_iglesia;iglesia;776.000;552.000;;;;;;
recording_V2L4_p400204_tr408_type_goma;[type];0;3000.000;;;;;;
recording_V2L4_p400204_tr40_type_cerdo;[type];0;3000.000;;;;;;
recording_V2L4_p400204_tr41_speak_cerdo;cerdo;860.560;464.814;;;;;;
recording_V2L4_p400204_tr42_speak_mano;mano;940.169;326.140;;;;;;
recording_V2L4_p400204_tr43_speak_mano;mano;886.240;362.092;;;;;;
recording_V2L4_p400204_tr44_type_muñeca;[type];0;3000.000;;;;;;
recording_V2L4_p400204_tr45_speak_granja;granja;983.826;503.334;;;;;;
recording_V2L4_p400204_tr46_speak_granja;granja;762.975;534.151;;;;;;
recording_V2L4_p400204_tr47_type_tronco;[type];0;3000.000;;;;;;
recording_V2L4_p400204_tr48_speak_cazador;cazador;819.472;626.600;;;;;;
recording_V2L4_p400204_tr49_speak_pintor;pintor;992.000;536.248;;;;;;
recording_V2L4_p400204_tr4_speak_pavo;pavo;1040.000;293.078;;;;;;
recording_V2L4_p400204_tr50_type_pintor;[type];0;3000.000;;;;;;
recording_V2L4_p400204_tr51_speak_columna;columna;928.000;520.000;;;;;;
recording_V2L4_p400204_tr52_type_oreja;[type];0;3000.000;;;;;;
recording_V2L4_p400204_tr53_speak_oreja;oreja;776.000;436.380;;;;;;
recording_V2L4_p400204_tr54_speak_falda;falda;727.023;477.654;;;;;;
recording_V2L4_p400204_tr55_speak_guante;guante;719.318;439.133;;;;;;
recording_V2L4_p400204_tr56_type_guante;[type];0;3000.000;;;;;;
recording_V2L4_p400204_tr57_type_cuerda;[type];0;3000.000;;;;;;
recording_V2L4_p400204_tr58_type_conejo;[type];0;3000.000;;;;;;
recording_V2L4_p400204_tr59_speak_conejo;conejo;896.000;508.983;;;;;;
recording_V2L4_p400204_tr5_type_vaca;[type];0;3000.000;;;;;;
recording_V2L4_p400204_tr60_type_manzana;[type];0;3000.000;;;;;;
recording_V2L4_p400204_tr61_speak_cartero;cartero;1014.642;516.174;;;;;;
recording_V2L4_p400204_tr62_speak_cartero;cartero;920.000;488.000;;;;;;
recording_V2L4_p400204_tr63_speak_caracol;caracol;768.000;504.000;;;;;;
recording_V2L4_p400204_tr64_type_cerdo;[type];0;3000.000;;;;;;
recording_V2L4_p400204_tr65_speak_miel;miel;944.000;335.149;;;;;;
recording_V2L4_p400204_tr66_speak_miel;miel;1064.000;374.367;;;;;;
recording_V2L4_p400204_tr67_speak_iglesia;iglesia;984.000;600.000;;;;;;
recording_V2L4_p400204_tr68_type_iglesia;[type];0;3000.000;;;;;;
recording_V2L4_p400204_tr69_speak_granja;granja;900.357;508.865;;;;;;
recording_V2L4_p400204_tr6_speak_espalda;espalda;760.000;575.066;;;;;;
recording_V2L4_p400204_tr70_type_mano;[type];0;3000.000;;;;;;
recording_V2L4_p400204_tr71_type_goma;[type];0;3000.000;;;;;;
recording_V2L4_p400204_tr72_type_goma;[type];0;3000.000;;;;;;
recording_V2L4_p400204_tr73_speak_pintor;pintor;888.000;503.323;;;;;;
recording_V2L4_p400204_tr74_type_aguja;[type];0;3000.000;;;;;;
recording_V2L4_p400204_tr75_type_aguja;[type];0;3000.000;;;;;;
recording_V2L4_p400204_tr76_type_guante;[type];0;3000.000;;;;;;
recording_V2L4_p400204_tr77_speak_espejo;espejo;728.000;548.253;;;;;;
recording_V2L4_p400204_tr78_speak_goma;goma;818.530;334.982;;;;;;
recording_V2L4_p400204_tr79_type_regalo;[type];0;3000.000;;;;;;
recording_V2L4_p400204_tr7_speak_espalda;espalda;896.000;576.000;;;;;;
recording_V2L4_p400204_tr80_type_regalo;[type];0;3000.000;;;;;;
recording_V2L4_p400204_tr81_type_pierna;[type];0;3000.000;;;;;;
recording_V2L4_p400204_tr82_speak_pierna;pierna;721.359;457.723;;;;;;
recording_V2L4_p400204_tr83_type_conejo;[type];0;3000.000;;;;;;
recording_V2L4_p400204_tr84_speak_camisa;camisa;808.000;516.838;;;;;;
recording_V2L4_p400204_tr85_speak_camisa;camisa;874.786;521.651;;;;;;
recording_V2L4_p400204_tr86_speak_vaca;vaca;951.500;398.909;;;;;;
recording_V2L4_p400204_tr87_type_vaca;[type];0;3000.000;;;;;;
recording_V2L4_p400204_tr88_speak_cartero;cartero;816.000;498.609;;;;;;
recording_V2L4_p400204_tr89_type_taza;[type];0;3000.000;;;;;;
recording_V2L4_p400204_tr8_type_pulpo;[type];0;3000.000;;;;;;
recording_V2L4_p400204_tr90_speak_taza;taza;832.000;339.411;;;;;;
recording_V2L4_p400204_tr91_type_cadena;[type];0;3000.000;;;;;;
recording_V2L4_p400204_tr92_speak_miel;miel;728.000;312.000;;;;;;
recording_V2L4_p400204_tr93_speak_bombero;bombero;952.000;505.808;;;;;;
recording_V2L4_p400204_tr94_speak_bombero;bombero;859.443;575.350;;;;;;
recording_V2L4_p400204_tr95_type_iglesia;[type];0;3000.000;;;;;;
recording_V2L4_p400204_tr96_speak_oreja;oreja;832.000;467.267;;;;;;
recording_V2L4_p400204_tr97_speak_pulpo;pulpo;854.329;401.467;;;;;;
recording_V2L4_p400204_tr98_type_pulpo;[type];0;3000.000;;;;;;
recording_V2L4_p400204_tr99_speak_escoba;escoba;823.644;496.080;;;;;;
recording_V2L4_p400204_tr9_speak_vaso;vaso;631.861;383.567;;;;;;
